[Header],,,,,,
Date,02/09/2021,,,,,
Experiment Name,RG_03_run,,,,,
Workflow,GenerateFastQ,,,,,
Chemistry,TruSeqLT+TruSeqLT+TruSeqLT+TruSeqLT+TruSeqLT+TruSeqLT+TruSeqLT+TruSeqLT+TruSeqLT+TruSeqLT+TruSeqLT+TruSeqLT+TruSeqLT+TruSeqLT+TruSeqLT+TruSeqLT+TruSeqLT+TruSeqLT,,,,,
[Reads],,,,,,
124,,,,,,
26,,,,,,
[Settings],,,,,,
InstrumentType,NextSeq,,,,,
[Data],,,,,,
Sample_ID,Sample_Name,SampleProject,Index,BASESPACE_ONLY_ORIGINAL_SAMPLE_ID,BASESPACE_ONLY_ORIGINAL_SAMPLE_NAME,BASESPACE_ONLY_ORIGINAL_SAMPLE_NUMBER
RG_03_01,4377-12B_0,RG_3,CGATGT,RG_03_01,4377-12B_0,1
RG_03_02,4377-12B_1,RG_3,TTAGGC,RG_03_02,4377-12B_1,2
RG_03_03,4377-12B_2,RG_3,GCCAAT,RG_03_03,4377-12B_2,3
RG_03_04,4377-12B_4,RG_3,GGCTAC,RG_03_04,4377-12B_4,4
RG_03_05,4377-15A_4,RG_3,ATGTCA,RG_03_05,4377-15A_4,5
RG_03_06,4810-41D,RG_3,ATCACG,RG_03_06,4810-41D,6
RG_03_07,4811-11B,RG_3,TAGCTT,RG_03_07,4811-11B,7
RG_03_08,4812-5A,RG_3,CTTGTA,RG_03_08,4812-5A,8
RG_03_09,4812-5A_wo_Gel,RG_3,AGTCAA,RG_03_09,4812-5A_wo_Gel,9
RG_03_10,4602-20C,RG_3,CCGTCC,RG_03_10,4602-20C,10
RG_03_11,4753-3B,RG_3,TGACCA,RG_03_11,4753-3B,11
RG_03_12,4754-3A,RG_3,CAGATC,RG_03_12,4754-3A,12
RG_03_13,4761-20C,RG_3,ACAGTG,RG_03_13,4761-20C,13
RG_03_14,4797-24D,RG_3,GTGAAA,RG_03_14,4797-24D,14
RG_03_15,4822-3C_0,RG_3,ACTTGA,RG_03_15,4822-3C_0,15
RG_03_16,4822-3C_1,RG_3,GATCAG,RG_03_16,4822-3C_1,16
RG_03_17,4822-3C_2,RG_3,AGTTCC,RG_03_17,4822-3C_2,17
RG_03_18,4822-3C_4,RG_3,GTCCGC,RG_03_18,4822-3C_4,18
